year,speciesCode,stratum,percent_diff
1988,10210,10,-1.071614144756087
1988,10261,10,NA
1988,21720,10,-1.0716141447560952
1988,21740,10,-1.071614144756092
1988,10210,20,-0.40498256245994824
1988,10261,20,NA
1988,21720,20,-0.40498256245996617
1988,21740,20,-0.4049825624599679
1988,10210,31,-0.4786295852364565
1988,10261,31,NA
1988,21720,31,-0.4786295852364583
1988,21740,31,-0.4786295852364535
1988,10210,32,-0.8269608769936287
1988,10261,32,NA
1988,21720,32,-0.8269608769936225
1988,21740,32,-0.8269608769936232
1988,10210,41,0.6274724284006679
1988,10261,41,NA
1988,21720,41,0.6274724284006613
1988,21740,41,0.6274724284006716
1988,10210,42,-0.46241970977958774
1988,10261,42,NA
1988,21720,42,-0.4624197097795959
1988,21740,42,-0.46241970977959507
1988,10210,43,0.20857517110333967
1988,10261,43,NA
1988,21720,43,0.2085751711033267
1988,21740,43,0.20857517110333476
1988,10210,50,NA
1988,10261,50,NA
1988,21720,50,1.942500997628224
1988,21740,50,1.9425009976282308
1988,10210,61,0.40482979915708867
1988,10261,61,NA
1988,21720,61,0.4048297991570926
1988,21740,61,0.40482979915709055
1988,10210,62,NA
1988,10261,62,NA
1988,21720,62,-0.5116446044438927
1988,21740,62,-0.5116446044438853
1988,10210,82,0.0020065188503334925
1988,10261,82,NA
1988,21720,82,0.002006518850331602
1988,21740,82,0.0020065188503311333
1988,10210,90,0.2499942370455338
1988,10261,90,NA
1988,21720,90,0.24999423704551751
1988,21740,90,0.24999423704551826
1989,10210,10,-1.0716141447560863
1989,10261,10,NA
1989,21720,10,-1.071614144756098
1989,21740,10,-1.0716141447560958
1989,10210,20,-0.4049825624599646
1989,10261,20,NA
1989,21720,20,-0.4049825624599675
1989,21740,20,-0.4049825624599644
1989,10210,31,-0.4786295852364609
1989,10261,31,NA
1989,21720,31,-0.47862958523645155
1989,21740,31,-0.4786295852364607
1989,10210,32,-0.8269608769936394
1989,10261,32,NA
1989,21720,32,-0.8269608769936203
1989,21740,32,-0.8269608769936223
1989,10210,41,0.6274724284006734
1989,10261,41,NA
1989,21720,41,0.6274724284006687
1989,21740,41,0.6274724284006709
1989,10210,42,-0.46241970977959784
1989,10261,42,NA
1989,21720,42,-0.4624197097795814
1989,21740,42,-0.4624197097796084
1989,10210,43,0.2085751711033273
1989,10261,43,NA
1989,21720,43,0.20857517110333626
1989,21740,43,0.20857517110333357
1989,10210,50,NA
1989,10261,50,NA
1989,21720,50,1.9425009976282366
1989,21740,50,1.942500997628237
1989,10210,61,NA
1989,10261,61,NA
1989,21720,61,0.4048297991570923
1989,21740,61,0.4048297991570982
1989,10210,62,-0.5116446044438913
1989,10261,62,NA
1989,21720,62,-0.5116446044438946
1989,21740,62,-0.5116446044438973
1989,10210,82,0.0020065188503333264
1989,10261,82,NA
1989,21720,82,0.002006518850322002
1989,21740,82,0.0020065188503403013
1989,10210,90,0.2499942370455149
1989,10261,90,NA
1989,21720,90,0.24999423704553667
1989,21740,90,0.24999423704553433
1990,10210,10,-1.0716141447560847
1990,10261,10,NA
1990,21720,10,-1.0716141447560852
1990,21740,10,-1.0716141447560898
1990,10210,20,-0.4049825624599673
1990,10261,20,NA
1990,21720,20,-0.40498256245997316
1990,21740,20,-0.4049825624599683
1990,10210,31,-0.47862958523644744
1990,10261,31,NA
1990,21720,31,-0.4786295852364598
1990,21740,31,-0.478629585236455
1990,10210,32,-0.8269608769936385
1990,10261,32,NA
1990,21720,32,-0.8269608769936307
1990,21740,32,-0.8269608769936151
1990,10210,41,0.6274724284006535
1990,10261,41,NA
1990,21720,41,0.6274724284006791
1990,21740,41,0.6274724284006643
1990,10210,42,-0.4624197097795991
1990,10261,42,NA
1990,21720,42,-0.46241970977959296
1990,21740,42,-0.46241970977960256
1990,10210,43,0.20857517110333124
1990,10261,43,NA
1990,21720,43,0.2085751711033432
1990,21740,43,0.20857517110331752
1990,10210,50,1.942500997628222
1990,10261,50,NA
1990,21720,50,1.9425009976282392
1990,21740,50,1.9425009976282268
1990,10210,61,0.4048297991570826
1990,10261,61,NA
1990,21720,61,0.4048297991570933
1990,21740,61,0.4048297991570791
1990,10210,62,-0.5116446044439034
1990,10261,62,NA
1990,21720,62,-0.5116446044438905
1990,21740,62,-0.5116446044438788
1990,10210,82,0.0020065188503329352
1990,10261,82,NA
1990,21720,82,0.0020065188503197327
1990,21740,82,0.0020065188503358145
1990,10210,90,NA
1990,10261,90,NA
1990,21720,90,0.2499942370455272
1990,21740,90,0.24999423704553664
1991,10210,10,-1.0716141447560985
1991,10261,10,NA
1991,21720,10,-1.0716141447560779
1991,21740,10,-1.071614144756092
1991,10210,20,-0.4049825624599693
1991,10261,20,NA
1991,21720,20,-0.40498256245996245
1991,21740,20,-0.404982562459966
1991,10210,31,-0.4786295852364616
1991,10261,31,NA
1991,21720,31,-0.47862958523645016
1991,21740,31,-0.47862958523646953
1991,10210,32,-0.8269608769936303
1991,10261,32,NA
1991,21720,32,-0.8269608769936256
1991,21740,32,-0.826960876993622
1991,10210,41,0.6274724284006641
1991,10261,41,NA
1991,21720,41,0.6274724284006551
1991,21740,41,0.6274724284006612
1991,10210,42,-0.4624197097795874
1991,10261,42,NA
1991,21720,42,-0.4624197097795939
1991,21740,42,-0.4624197097795836
1991,10210,43,0.20857517110331894
1991,10261,43,NA
1991,21720,43,0.2085751711033264
1991,21740,43,0.20857517110333584
1991,10210,50,1.9425009976282384
1991,10261,50,NA
1991,21720,50,1.942500997628235
1991,21740,50,1.9425009976282284
1991,10210,61,0.4048297991570902
1991,10261,61,NA
1991,21720,61,0.4048297991570828
1991,21740,61,0.4048297991570947
1991,10210,62,-0.5116446044438946
1991,10261,62,NA
1991,21720,62,-0.5116446044438893
1991,21740,62,-0.5116446044438919
1991,10210,82,0.0020065188503259096
1991,10261,82,NA
1991,21720,82,0.002006518850334552
1991,21740,82,0.002006518850333656
1991,10210,90,NA
1991,10261,90,NA
1991,21720,90,0.24999423704553486
1991,21740,90,0.24999423704553483
1992,10210,10,-1.0716141447560932
1992,10261,10,NA
1992,21720,10,-1.071614144756081
1992,21740,10,-1.0716141447560972
1992,10210,20,-0.404982562459973
1992,10261,20,NA
1992,21720,20,-0.40498256245996045
1992,21740,20,-0.4049825624599665
1992,10210,31,-0.478629585236452
1992,10261,31,NA
1992,21720,31,-0.4786295852364572
1992,21740,31,-0.4786295852364674
1992,10210,32,-0.8269608769936309
1992,10261,32,NA
1992,21720,32,-0.8269608769936281
1992,21740,32,-0.8269608769936162
1992,10210,41,0.6274724284006739
1992,10261,41,NA
1992,21720,41,0.6274724284006623
1992,21740,41,0.6274724284006592
1992,10210,42,-0.4624197097796044
1992,10261,42,NA
1992,21720,42,-0.46241970977959257
1992,21740,42,-0.4624197097795959
1992,10210,43,0.2085751711033282
1992,10261,43,NA
1992,21720,43,0.20857517110333734
1992,21740,43,0.20857517110333706
1992,10210,50,1.9425009976282428
1992,10261,50,NA
1992,21720,50,1.9425009976282315
1992,21740,50,1.9425009976282344
1992,10210,61,NA
1992,10261,61,NA
1992,21720,61,0.4048297991570932
1992,21740,61,0.4048297991570802
1992,10210,62,NA
1992,10261,62,NA
1992,21720,62,-0.5116446044438822
1992,21740,62,-0.5116446044438926
1992,10210,82,0.0020065188503288196
1992,10261,82,NA
1992,21720,82,0.002006518850329815
1992,21740,82,0.002006518850338041
1992,10210,90,NA
1992,10261,90,NA
1992,21720,90,0.2499942370455282
1992,21740,90,0.24999423704553334
1993,10210,10,-1.0716141447560903
1993,10261,10,NA
1993,21720,10,-1.0716141447560876
1993,21740,10,-1.071614144756081
1993,10210,20,-0.4049825624599684
1993,10261,20,NA
1993,21720,20,-0.40498256245997066
1993,21740,20,-0.40498256245995295
1993,10210,31,-0.478629585236453
1993,10261,31,NA
1993,21720,31,-0.4786295852364745
1993,21740,31,-0.4786295852364568
1993,10210,32,-0.826960876993634
1993,10261,32,NA
1993,21720,32,-0.8269608769936154
1993,21740,32,-0.8269608769936264
1993,10210,41,0.6274724284006669
1993,10261,41,NA
1993,21720,41,0.627472428400667
1993,21740,41,0.6274724284006581
1993,10210,42,-0.46241970977959196
1993,10261,42,NA
1993,21720,42,-0.46241970977959146
1993,21740,42,-0.46241970977959856
1993,10210,43,0.20857517110332743
1993,10261,43,NA
1993,21720,43,0.2085751711033345
1993,21740,43,0.2085751711033321
1993,10210,50,1.9425009976282366
1993,10261,50,NA
1993,21720,50,1.942500997628241
1993,21740,50,1.9425009976282361
1993,10210,61,0.40482979915708917
1993,10261,61,NA
1993,21720,61,0.4048297991570888
1993,21740,61,0.4048297991570824
1993,10210,62,NA
1993,10261,62,NA
1993,21720,62,-0.5116446044438997
1993,21740,62,-0.5116446044438957
1993,10210,82,0.002006518850325025
1993,10261,82,NA
1993,21720,82,0.0020065188503260983
1993,21740,82,0.0020065188503407883
1993,10210,90,NA
1993,10261,90,NA
1993,21720,90,0.24999423704553322
1993,21740,90,0.24999423704552845
1994,10210,10,-1.0716141447560752
1994,10261,10,NA
1994,21720,10,-1.0716141447560947
1994,21740,10,-1.0716141447561014
1994,10210,20,-0.4049825624599622
1994,10261,20,NA
1994,21720,20,-0.40498256245996395
1994,21740,20,-0.4049825624599587
1994,10210,31,-0.4786295852364669
1994,10261,31,NA
1994,21720,31,-0.47862958523644855
1994,21740,31,-0.47862958523645033
1994,10210,32,-0.8269608769936255
1994,10261,32,NA
1994,21720,32,-0.826960876993624
1994,21740,32,-0.8269608769936236
1994,10210,41,0.6274724284006548
1994,10261,41,NA
1994,21720,41,0.6274724284006645
1994,21740,41,0.627472428400677
1994,10210,42,-0.4624197097795946
1994,10261,42,NA
1994,21720,42,-0.4624197097796062
1994,21740,42,-0.46241970977959107
1994,10210,43,0.20857517110333393
1994,10261,43,NA
1994,21720,43,0.2085751711033287
1994,21740,43,0.20857517110333548
1994,10210,50,1.9425009976282392
1994,10261,50,NA
1994,21720,50,1.942500997628225
1994,21740,50,1.9425009976282244
1994,10210,61,0.40482979915709344
1994,10261,61,NA
1994,21720,61,0.4048297991570811
1994,21740,61,0.4048297991570897
1994,10210,62,-0.5116446044438823
1994,10261,62,NA
1994,21720,62,-0.5116446044439011
1994,21740,62,-0.5116446044438905
1994,10210,82,0.00200651885033339
1994,10261,82,NA
1994,21720,82,0.0020065188503319
1994,21740,82,0.002006518850336357
1994,10210,90,0.24999423704553933
1994,10261,90,NA
1994,21720,90,0.24999423704553142
1994,21740,90,0.2499942370455356
1995,10210,10,-1.0716141447560994
1995,10261,10,NA
1995,21720,10,-1.0716141447560918
1995,21740,10,-1.0716141447560834
1995,10210,20,-0.4049825624599633
1995,10261,20,NA
1995,21720,20,-0.40498256245997083
1995,21740,20,-0.40498256245996717
1995,10210,31,-0.47862958523646537
1995,10261,31,NA
1995,21720,31,-0.4786295852364558
1995,21740,31,-0.4786295852364529
1995,10210,32,-0.8269608769936365
1995,10261,32,NA
1995,21720,32,-0.8269608769936209
1995,21740,32,-0.8269608769936265
1995,10210,41,0.6274724284006782
1995,10261,41,NA
1995,21720,41,0.6274724284006618
1995,21740,41,0.6274724284006727
1995,10210,42,-0.4624197097796039
1995,10261,42,NA
1995,21720,42,-0.46241970977959657
1995,21740,42,-0.4624197097795847
1995,10210,43,0.20857517110332405
1995,10261,43,NA
1995,21720,43,0.20857517110332982
1995,21740,43,0.20857517110333096
1995,10210,50,1.9425009976282335
1995,10261,50,NA
1995,21720,50,1.9425009976282277
1995,21740,50,1.9425009976282275
1995,10210,61,0.40482979915709166
1995,10261,61,NA
1995,21720,61,0.40482979915708434
1995,21740,61,0.40482979915709233
1995,10210,62,NA
1995,10261,62,NA
1995,21720,62,-0.5116446044438979
1995,21740,62,-0.5116446044438948
1995,10210,82,0.002006518850331879
1995,10261,82,NA
1995,21720,82,0.002006518850327778
1995,21740,82,0.0020065188503340485
1995,10210,90,NA
1995,10261,90,NA
1995,21720,90,0.2499942370455319
1995,21740,90,0.2499942370455339
1996,10210,10,-1.0716141447560896
1996,10261,10,-1.0716141447560865
1996,21720,10,-1.0716141447560763
1996,21740,10,-1.0716141447560943
1996,10210,20,-0.404982562459962
1996,10261,20,-0.4049825624599624
1996,21720,20,-0.40498256245997005
1996,21740,20,-0.4049825624599594
1996,10210,31,-0.4786295852364689
1996,10261,31,-0.47862958523646887
1996,21720,31,-0.4786295852364607
1996,21740,31,-0.47862958523646604
1996,10210,32,-0.8269608769936339
1996,10261,32,-0.8269608769936118
1996,21720,32,-0.8269608769936264
1996,21740,32,-0.8269608769936319
1996,10210,41,0.6274724284006635
1996,10261,41,0.6274724284006608
1996,21720,41,0.6274724284006771
1996,21740,41,0.6274724284006818
1996,10210,42,-0.462419709779598
1996,10261,42,-0.46241970977960695
1996,21720,42,-0.4624197097795879
1996,21740,42,-0.46241970977958236
1996,10210,43,0.2085751711033508
1996,10261,43,0.20857517110331508
1996,21720,43,0.20857517110332013
1996,21740,43,0.20857517110334525
1996,10210,50,1.9425009976282344
1996,10261,50,1.9425009976282388
1996,21720,50,1.9425009976282397
1996,21740,50,1.942500997628232
1996,10210,61,0.4048297991570946
1996,10261,61,0.4048297991570712
1996,21720,61,0.40482979915707856
1996,21740,61,0.4048297991570929
1996,10210,62,NA
1996,10261,62,-0.5116446044438874
1996,21720,62,-0.5116446044438998
1996,21740,62,-0.5116446044438895
1996,10210,82,0.002006518850317187
1996,10261,82,0.0020065188503261386
1996,21720,82,0.002006518850342589
1996,21740,82,0.002006518850314221
1996,10210,90,NA
1996,10261,90,0.24999423704552026
1996,21720,90,0.2499942370455128
1996,21740,90,0.2499942370455333
1997,10210,10,-1.0716141447560878
1997,10261,10,-1.0716141447560852
1997,21720,10,-1.07161414475609
1997,21740,10,-1.0716141447560938
1997,10210,20,-0.4049825624599757
1997,10261,20,-0.40498256245997327
1997,21720,20,-0.40498256245996633
1997,21740,20,-0.40498256245996456
1997,10210,31,-0.47862958523645976
1997,10261,31,-0.4786295852364612
1997,21720,31,-0.47862958523646304
1997,21740,31,-0.47862958523645405
1997,10210,32,-0.8269608769936216
1997,10261,32,-0.8269608769936287
1997,21720,32,-0.8269608769936279
1997,21740,32,-0.8269608769936218
1997,10210,41,0.6274724284006639
1997,10261,41,0.627472428400663
1997,21720,41,0.6274724284006674
1997,21740,41,0.6274724284006655
1997,10210,42,-0.4624197097795941
1997,10261,42,-0.4624197097795995
1997,21720,42,-0.46241970977959684
1997,21740,42,-0.4624197097795991
1997,10210,43,0.2085751711033275
1997,10261,43,0.20857517110333904
1997,21720,43,0.20857517110333784
1997,21740,43,0.20857517110333454
1997,10210,50,1.9425009976282248
1997,10261,50,1.942500997628225
1997,21720,50,1.9425009976282328
1997,21740,50,1.9425009976282346
1997,10210,61,0.4048297991570889
1997,10261,61,0.40482979915708284
1997,21720,61,0.40482979915707923
1997,21740,61,0.4048297991570904
1997,10210,62,-0.5116446044438994
1997,10261,62,-0.5116446044438894
1997,21720,62,-0.511644604443899
1997,21740,62,-0.5116446044438953
1997,10210,82,0.0020065188503265944
1997,10261,82,0.002006518850331803
1997,21720,82,0.002006518850336226
1997,21740,82,0.0020065188503351587
1997,10210,90,0.24999423704551507
1997,10261,90,0.24999423704552762
1997,21720,90,0.2499942370455207
1997,21740,90,0.24999423704553095
1998,10210,10,-1.07161414475608
1998,10261,10,-1.0716141447560892
1998,21720,10,-1.0716141447560956
1998,21740,10,-1.0716141447560983
1998,10210,20,-0.4049825624599788
1998,10261,20,-0.404982562459967
1998,21720,20,-0.4049825624599636
1998,21740,20,-0.40498256245996855
1998,10210,31,-0.4786295852364515
1998,10261,31,-0.47862958523645727
1998,21720,31,-0.4786295852364604
1998,21740,31,-0.4786295852364617
1998,10210,32,-0.8269608769936337
1998,10261,32,-0.8269608769936215
1998,21720,32,-0.826960876993627
1998,21740,32,-0.8269608769936272
1998,10210,41,0.6274724284006633
1998,10261,41,0.6274724284006749
1998,21720,41,0.6274724284006659
1998,21740,41,0.6274724284006672
1998,10210,42,-0.4624197097795899
1998,10261,42,-0.4624197097795847
1998,21720,42,-0.4624197097795927
1998,21740,42,-0.46241970977959723
1998,10210,43,0.20857517110333482
1998,10261,43,0.20857517110334972
1998,21720,43,0.2085751711033392
1998,21740,43,0.20857517110333787
1998,10210,50,1.9425009976282335
1998,10261,50,1.9425009976282315
1998,21720,50,1.9425009976282388
1998,21740,50,1.9425009976282275
1998,10210,61,0.4048297991570853
1998,10261,61,0.4048297991571001
1998,21720,61,0.40482979915707673
1998,21740,61,0.4048297991570888
1998,10210,62,-0.5116446044438964
1998,10261,62,-0.5116446044438993
1998,21720,62,-0.5116446044438957
1998,21740,62,-0.5116446044438959
1998,10210,82,0.0020065188503320007
1998,10261,82,0.002006518850338268
1998,21720,82,0.002006518850347338
1998,21740,82,0.0020065188503347394
1998,10210,90,0.24999423704553486
1998,10261,90,0.249994237045517
1998,21720,90,0.24999423704553092
1998,21740,90,0.24999423704553816
1999,10210,10,-1.0716141447560938
1999,10261,10,-1.0716141447560905
1999,21720,10,-1.0716141447560945
1999,21740,10,-1.071614144756092
1999,10210,20,-0.40498256245995046
1999,10261,20,-0.404982562459957
1999,21720,20,-0.4049825624599626
1999,21740,20,-0.4049825624599612
1999,10210,31,-0.4786295852364553
1999,10261,31,-0.47862958523646226
1999,21720,31,-0.47862958523647325
1999,21740,31,-0.4786295852364634
1999,10210,32,-0.826960876993626
1999,10261,32,-0.8269608769936208
1999,21720,32,-0.8269608769936241
1999,21740,32,-0.8269608769936143
1999,10210,41,0.6274724284006766
1999,10261,41,0.6274724284006602
1999,21720,41,0.6274724284006742
1999,21740,41,0.62747242840067
1999,10210,42,-0.46241970977959945
1999,10261,42,-0.4624197097795971
1999,21720,42,-0.4624197097795979
1999,21740,42,-0.4624197097796011
1999,10210,43,0.2085751711033384
1999,10261,43,0.2085751711033376
1999,21720,43,0.20857517110333423
1999,21740,43,0.20857517110333096
1999,10210,50,1.9425009976282197
1999,10261,50,1.9425009976282317
1999,21720,50,1.942500997628219
1999,21740,50,1.9425009976282257
1999,10210,61,0.4048297991570813
1999,10261,61,0.40482979915708056
1999,21720,61,0.4048297991570946
1999,21740,61,0.40482979915708955
1999,10210,62,-0.5116446044438823
1999,10261,62,-0.5116446044438946
1999,21720,62,-0.5116446044438967
1999,21740,62,-0.5116446044438911
1999,10210,82,0.002006518850342087
1999,10261,82,0.002006518850331441
1999,21720,82,0.0020065188503449096
1999,21740,82,0.0020065188503267163
1999,10210,90,0.24999423704552026
1999,10261,90,0.24999423704553078
1999,21720,90,0.24999423704552975
1999,21740,90,0.24999423704553272
2000,10210,10,-1.071614144756102
2000,10261,10,-1.0716141447560943
2000,21720,10,-1.0716141447560885
2000,21740,10,-1.0716141447560859
2000,10210,20,-0.40498256245996156
2000,10261,20,-0.4049825624599642
2000,21720,20,-0.4049825624599633
2000,21740,20,-0.40498256245995484
2000,10210,31,-0.47862958523645466
2000,10261,31,-0.47862958523647003
2000,21720,31,-0.4786295852364628
2000,21740,31,-0.47862958523646015
2000,10210,32,-0.8269608769936189
2000,10261,32,-0.8269608769936211
2000,21720,32,-0.826960876993618
2000,21740,32,-0.8269608769936213
2000,10210,41,0.62747242840067
2000,10261,41,0.6274724284006656
2000,21720,41,0.6274724284006808
2000,21740,41,0.6274724284006595
2000,10210,42,-0.4624197097795891
2000,10261,42,-0.4624197097795908
2000,21720,42,-0.4624197097795986
2000,21740,42,-0.4624197097795913
2000,10210,43,0.20857517110333565
2000,10261,43,0.20857517110333415
2000,21720,43,0.20857517110332655
2000,21740,43,0.20857517110334262
2000,10210,50,NA
2000,10261,50,1.9425009976282375
2000,21720,50,1.9425009976282281
2000,21740,50,1.9425009976282344
2000,10210,61,0.40482979915708456
2000,10261,61,0.4048297991570807
2000,21720,61,0.4048297991570872
2000,21740,61,0.404829799157085
2000,10210,62,NA
2000,10261,62,-0.5116446044438879
2000,21720,62,-0.5116446044438905
2000,21740,62,-0.51164460444389
2000,10210,82,0.0020065188503447955
2000,10261,82,0.002006518850326028
2000,21720,82,0.002006518850331407
2000,21740,82,0.0020065188503315223
2000,10210,90,NA
2000,10261,90,0.24999423704553342
2000,21720,90,0.24999423704551907
2000,21740,90,0.24999423704553209
2001,10210,10,-1.0716141447560914
2001,10261,10,-1.0716141447560972
2001,21720,10,-1.0716141447560852
2001,21740,10,-1.0716141447560785
2001,10210,20,-0.4049825624599693
2001,10261,20,-0.40498256245996667
2001,21720,20,-0.40498256245998077
2001,21740,20,-0.404982562459957
2001,10210,31,-0.47862958523646404
2001,10261,31,-0.4786295852364668
2001,21720,31,-0.47862958523645777
2001,21740,31,-0.4786295852364525
2001,10210,32,-0.8269608769936287
2001,10261,32,-0.8269608769936133
2001,21720,32,-0.8269608769936264
2001,21740,32,-0.8269608769936219
2001,10210,41,0.6274724284006646
2001,10261,41,0.6274724284006598
2001,21720,41,0.6274724284006646
2001,21740,41,0.6274724284006602
2001,10210,42,-0.462419709779591
2001,10261,42,-0.46241970977958524
2001,21720,42,-0.4624197097796002
2001,21740,42,-0.46241970977959346
2001,10210,43,0.2085751711033262
2001,10261,43,0.20857517110333626
2001,21720,43,0.20857517110333068
2001,21740,43,0.2085751711033411
2001,10210,50,1.9425009976282308
2001,10261,50,1.9425009976282397
2001,21720,50,1.9425009976282177
2001,21740,50,1.9425009976282281
2001,10210,61,0.4048297991570816
2001,10261,61,0.40482979915709455
2001,21720,61,0.40482979915708633
2001,21740,61,0.40482979915707856
2001,10210,62,NA
2001,10261,62,-0.5116446044438772
2001,21720,62,-0.5116446044438867
2001,21740,62,-0.5116446044438961
2001,10210,82,0.0020065188503312604
2001,10261,82,0.0020065188503298782
2001,21720,82,0.0020065188503423756
2001,21740,82,0.0020065188503409354
2001,10210,90,NA
2001,10261,90,0.2499942370455234
2001,21720,90,0.24999423704551677
2001,21740,90,0.24999423704553483
2002,10210,10,-1.0716141447560923
2002,10261,10,-1.0716141447560896
2002,21720,10,-1.071614144756095
2002,21740,10,-1.0716141447560883
2002,10210,20,-0.40498256245996805
2002,10261,20,-0.4049825624599679
2002,21720,20,-0.4049825624599602
2002,21740,20,-0.4049825624599575
2002,10210,31,-0.47862958523646426
2002,10261,31,-0.47862958523645976
2002,21720,31,-0.4786295852364592
2002,21740,31,-0.4786295852364474
2002,10210,32,-0.8269608769936263
2002,10261,32,-0.8269608769936198
2002,21720,32,-0.8269608769936179
2002,21740,32,-0.8269608769936364
2002,10210,41,0.6274724284006632
2002,10261,41,0.6274724284006593
2002,21720,41,0.627472428400679
2002,21740,41,0.6274724284006673
2002,10210,42,-0.4624197097795962
2002,10261,42,-0.4624197097795884
2002,21720,42,-0.4624197097795957
2002,21740,42,-0.4624197097795949
2002,10210,43,0.20857517110332938
2002,10261,43,0.20857517110334348
2002,21720,43,0.20857517110334184
2002,21740,43,0.20857517110332313
2002,10210,50,1.9425009976282372
2002,10261,50,1.942500997628231
2002,21720,50,1.9425009976282355
2002,21740,50,1.9425009976282346
2002,10210,61,NA
2002,10261,61,0.40482979915708744
2002,21720,61,0.4048297991570929
2002,21740,61,0.40482979915707157
2002,10210,62,NA
2002,10261,62,-0.5116446044438913
2002,21720,62,-0.5116446044439046
2002,21740,62,-0.5116446044438951
2002,10210,82,0.0020065188503319846
2002,10261,82,0.0020065188503435726
2002,21720,82,0.0020065188503319703
2002,21740,82,0.002006518850336689
2002,10210,90,NA
2002,10261,90,0.24999423704552334
2002,21720,90,0.24999423704553528
2002,21740,90,0.24999423704553056
2003,10210,10,-1.071614144756094
2003,10261,10,-1.0716141447561027
2003,21720,10,-1.0716141447560932
2003,21740,10,-1.071614144756087
2003,10210,20,-0.40498256245994935
2003,10261,20,-0.40498256245996955
2003,21720,20,-0.4049825624599672
2003,21740,20,-0.40498256245997416
2003,10210,31,-0.4786295852364667
2003,10261,31,-0.47862958523645577
2003,21720,31,-0.4786295852364527
2003,21740,31,-0.4786295852364589
2003,10210,32,-0.8269608769936141
2003,10261,32,-0.826960876993634
2003,21720,32,-0.826960876993634
2003,21740,32,-0.8269608769936345
2003,10210,41,0.6274724284006616
2003,10261,41,0.62747242840067
2003,21720,41,0.62747242840067
2003,21740,41,0.6274724284006693
2003,10210,42,-0.46241970977961266
2003,10261,42,-0.4624197097796041
2003,21720,42,-0.46241970977959607
2003,21740,42,-0.46241970977958713
2003,10210,43,0.20857517110334045
2003,10261,43,0.2085751711033422
2003,21720,43,0.20857517110333265
2003,21740,43,0.20857517110333293
2003,10210,50,1.942500997628232
2003,10261,50,1.9425009976282324
2003,21720,50,1.9425009976282346
2003,21740,50,1.942500997628231
2003,10210,61,NA
2003,10261,61,0.4048297991570883
2003,21720,61,0.4048297991570799
2003,21740,61,0.40482979915708356
2003,10210,62,NA
2003,10261,62,-0.5116446044438968
2003,21720,62,-0.511644604443879
2003,21740,62,-0.5116446044438911
2003,10210,82,0.0020065188503340025
2003,10261,82,0.0020065188503386967
2003,21720,82,0.0020065188503277233
2003,21740,82,0.0020065188503277835
2003,10210,90,NA
2003,10261,90,0.24999423704553173
2003,21720,90,0.2499942370455219
2003,21740,90,0.24999423704553936
2004,10210,10,-1.0716141447560845
2004,10261,10,-1.071614144756084
2004,21720,10,-1.071614144756093
2004,21740,10,-1.071614144756096
2004,10210,20,-0.40498256245996883
2004,10261,20,-0.40498256245996184
2004,21720,20,-0.4049825624599663
2004,21740,20,-0.4049825624599674
2004,10210,31,-0.47862958523645954
2004,10261,31,-0.4786295852364568
2004,21720,31,-0.47862958523646115
2004,21740,31,-0.4786295852364618
2004,10210,32,-0.8269608769936199
2004,10261,32,-0.8269608769936236
2004,21720,32,-0.8269608769936115
2004,21740,32,-0.8269608769936313
2004,10210,41,0.6274724284006612
2004,10261,41,0.6274724284006549
2004,21720,41,0.6274724284006661
2004,21740,41,0.6274724284006735
2004,10210,42,-0.4624197097795998
2004,10261,42,-0.4624197097795953
2004,21720,42,-0.4624197097796051
2004,21740,42,-0.46241970977957925
2004,10210,43,0.20857517110333354
2004,10261,43,0.20857517110332316
2004,21720,43,0.2085751711033276
2004,21740,43,0.20857517110331994
2004,10210,50,1.942500997628232
2004,10261,50,1.9425009976282364
2004,21720,50,1.9425009976282257
2004,21740,50,1.9425009976282208
2004,10210,61,0.40482979915708506
2004,10261,61,0.40482979915707784
2004,21720,61,0.4048297991570917
2004,21740,61,0.4048297991570895
2004,10210,62,-0.5116446044438834
2004,10261,62,-0.5116446044439001
2004,21720,62,-0.5116446044439029
2004,21740,62,-0.5116446044438867
2004,10210,82,0.0020065188503393095
2004,10261,82,0.002006518850330176
2004,21720,82,0.002006518850319995
2004,21740,82,0.0020065188503471353
2004,10210,90,NA
2004,10261,90,0.24999423704553192
2004,21720,90,0.24999423704552903
2004,21740,90,0.24999423704551854
2005,10210,10,-1.0716141447560896
2005,10261,10,-1.0716141447560965
2005,21720,10,-1.0716141447560825
2005,21740,10,-1.0716141447560972
2005,10210,20,-0.4049825624599731
2005,10261,20,-0.4049825624599483
2005,21720,20,-0.40498256245995956
2005,21740,20,-0.4049825624599746
2005,10210,31,-0.47862958523645394
2005,10261,31,-0.4786295852364582
2005,21720,31,-0.4786295852364517
2005,21740,31,-0.4786295852364524
2005,10210,32,-0.8269608769936286
2005,10261,32,-0.8269608769936297
2005,21720,32,-0.8269608769936152
2005,21740,32,-0.8269608769936178
2005,10210,41,0.6274724284006631
2005,10261,41,0.6274724284006773
2005,21720,41,0.6274724284006791
2005,21740,41,0.6274724284006732
2005,10210,42,-0.4624197097795888
2005,10261,42,-0.46241970977960795
2005,21720,42,-0.4624197097796072
2005,21740,42,-0.4624197097795988
2005,10210,43,0.2085751711033428
2005,10261,43,0.20857517110334398
2005,21720,43,0.20857517110333726
2005,21740,43,0.2085751711033439
2005,10210,50,1.942500997628237
2005,10261,50,1.9425009976282273
2005,21720,50,1.9425009976282335
2005,21740,50,1.9425009976282464
2005,10210,61,0.40482979915707673
2005,10261,61,0.4048297991570834
2005,21720,61,0.40482979915708445
2005,21740,61,0.4048297991570894
2005,10210,62,NA
2005,10261,62,-0.5116446044438807
2005,21720,62,-0.5116446044438971
2005,21740,62,-0.5116446044438984
2005,10210,82,0.002006518850329995
2005,10261,82,0.0020065188503433605
2005,21720,82,0.0020065188503461872
2005,21740,82,0.002006518850323703
2005,10210,90,0.249994237045522
2005,10261,90,0.2499942370455289
2005,21720,90,0.2499942370455301
2005,21740,90,0.24999423704552368
2006,10210,10,-1.0716141447560905
2006,10261,10,-1.0716141447560936
2006,21720,10,-1.071614144756084
2006,21740,10,-1.0716141447561003
2006,10210,20,-0.4049825624599518
2006,10261,20,-0.40498256245995673
2006,21720,20,-0.4049825624599652
2006,21740,20,-0.40498256245995645
2006,10210,31,-0.47862958523646554
2006,10261,31,-0.4786295852364582
2006,21720,31,-0.47862958523644494
2006,21740,31,-0.4786295852364528
2006,10210,32,-0.8269608769936289
2006,10261,32,-0.8269608769936175
2006,21720,32,-0.8269608769936339
2006,21740,32,-0.8269608769936255
2006,10210,41,0.6274724284006593
2006,10261,41,0.6274724284006847
2006,21720,41,0.6274724284006519
2006,21740,41,0.6274724284006689
2006,10210,42,-0.46241970977959757
2006,10261,42,-0.4624197097795882
2006,21720,42,-0.46241970977959435
2006,21740,42,-0.46241970977959457
2006,10210,43,0.20857517110332868
2006,10261,43,0.20857517110333232
2006,21720,43,0.2085751711033253
2006,21740,43,0.2085751711033247
2006,10210,50,1.9425009976282317
2006,10261,50,1.9425009976282317
2006,21720,50,1.9425009976282237
2006,21740,50,1.9425009976282301
2006,10210,61,NA
2006,10261,61,0.4048297991570902
2006,21720,61,0.4048297991570928
2006,21740,61,0.40482979915709094
2006,10210,62,NA
2006,10261,62,-0.5116446044439031
2006,21720,62,-0.5116446044438845
2006,21740,62,-0.5116446044438953
2006,10210,82,0.0020065188503254152
2006,10261,82,0.002006518850322296
2006,21720,82,0.002006518850333937
2006,21740,82,0.0020065188503284857
2006,10210,90,0.24999423704552315
2006,10261,90,0.2499942370455286
2006,21720,90,0.24999423704553103
2006,21740,90,0.24999423704551518
2007,10210,10,-1.0716141447560892
2007,10261,10,-1.0716141447561005
2007,21720,10,-1.0716141447560867
2007,21740,10,-1.0716141447560996
2007,10210,20,-0.4049825624599702
2007,10261,20,-0.40498256245996067
2007,21720,20,-0.4049825624599566
2007,21740,20,-0.40498256245996145
2007,10210,31,-0.47862958523644944
2007,10261,31,-0.4786295852364628
2007,21720,31,-0.478629585236451
2007,21740,31,-0.47862958523645566
2007,10210,32,-0.8269608769936303
2007,10261,32,-0.8269608769936251
2007,21720,32,-0.8269608769936232
2007,21740,32,-0.8269608769936131
2007,10210,41,0.6274724284006713
2007,10261,41,0.6274724284006766
2007,21720,41,0.6274724284006649
2007,21740,41,0.6274724284006715
2007,10210,42,-0.46241970977959285
2007,10261,42,-0.4624197097795962
2007,21720,42,-0.46241970977958646
2007,21740,42,-0.46241970977959734
2007,10210,43,0.20857517110333626
2007,10261,43,0.20857517110333387
2007,21720,43,0.20857517110334103
2007,21740,43,0.2085751711033357
2007,10210,50,1.942500997628231
2007,10261,50,1.9425009976282224
2007,21720,50,1.9425009976282348
2007,21740,50,1.9425009976282412
2007,10210,61,NA
2007,10261,61,0.40482979915709505
2007,21720,61,0.4048297991570893
2007,21740,61,0.4048297991570854
2007,10210,62,NA
2007,10261,62,-0.5116446044438888
2007,21720,62,-0.5116446044439042
2007,21740,62,-0.5116446044438888
2007,10210,82,0.002006518850341654
2007,10261,82,0.0020065188503293617
2007,21720,82,0.002006518850333262
2007,21740,82,0.002006518850329596
2007,10210,90,0.2499942370455258
2007,10261,90,0.24999423704552212
2007,21720,90,0.2499942370455366
2007,21740,90,0.24999423704552814
2008,10210,10,-1.0716141447560916
2008,10261,10,-1.071614144756095
2008,21720,10,-1.0716141447560812
2008,21740,10,-1.0716141447560816
2008,10210,20,-0.4049825624599706
2008,10261,20,-0.40498256245996245
2008,21720,20,-0.4049825624599755
2008,21740,20,-0.40498256245996656
2008,10210,31,-0.47862958523644683
2008,10261,31,-0.4786295852364658
2008,21720,31,-0.47862958523645943
2008,21740,31,-0.4786295852364569
2008,10210,32,-0.8269608769936233
2008,10261,32,-0.8269608769936374
2008,21720,32,-0.8269608769936253
2008,21740,32,-0.8269608769936206
2008,10210,41,0.6274724284006638
2008,10261,41,0.6274724284006705
2008,21720,41,0.6274724284006649
2008,21740,41,0.6274724284006559
2008,10210,42,-0.462419709779596
2008,10261,42,-0.462419709779599
2008,21720,42,-0.4624197097795937
2008,21740,42,-0.4624197097796036
2008,10210,43,0.20857517110331888
2008,10261,43,0.2085751711033324
2008,21720,43,0.2085751711033411
2008,21740,43,0.2085751711033328
2008,10210,50,NA
2008,10261,50,1.9425009976282295
2008,21720,50,1.942500997628233
2008,21740,50,1.9425009976282304
2008,10210,61,NA
2008,10261,61,0.4048297991570912
2008,21720,61,0.4048297991570759
2008,21740,61,0.40482979915709055
2008,10210,62,NA
2008,10261,62,-0.5116446044438923
2008,21720,62,-0.5116446044438976
2008,21740,62,-0.5116446044438944
2008,10210,82,0.0020065188503283105
2008,10261,82,0.0020065188503351184
2008,21720,82,0.002006518850328562
2008,21740,82,0.002006518850336207
2008,10210,90,0.24999423704552817
2008,10261,90,0.24999423704552692
2008,21720,90,0.2499942370455178
2008,21740,90,0.24999423704551943
2009,10210,10,-1.0716141447560954
2009,10261,10,-1.0716141447560907
2009,21720,10,-1.0716141447560814
2009,21740,10,-1.0716141447560912
2009,10210,20,-0.4049825624599596
2009,10261,20,-0.40498256245997455
2009,21720,20,-0.4049825624599668
2009,21740,20,-0.40498256245996694
2009,10210,31,-0.47862958523645455
2009,10261,31,-0.47862958523645055
2009,21720,31,-0.47862958523645793
2009,21740,31,-0.47862958523645316
2009,10210,32,-0.8269608769936221
2009,10261,32,-0.8269608769936221
2009,21720,32,-0.8269608769936304
2009,21740,32,-0.8269608769936366
2009,10210,41,0.6274724284006642
2009,10261,41,0.6274724284006691
2009,21720,41,0.6274724284006686
2009,21740,41,0.6274724284006645
2009,10210,42,-0.4624197097795919
2009,10261,42,-0.46241970977959146
2009,21720,42,-0.46241970977960567
2009,21740,42,-0.46241970977958863
2009,10210,43,0.20857517110333126
2009,10261,43,0.20857517110333512
2009,21720,43,0.20857517110333793
2009,21740,43,0.208575171103329
2009,10210,50,NA
2009,10261,50,1.94250099762823
2009,21720,50,1.9425009976282324
2009,21740,50,1.9425009976282366
2009,10210,61,NA
2009,10261,61,0.40482979915709044
2009,21720,61,0.4048297991570756
2009,21740,61,0.40482979915707795
2009,10210,62,NA
2009,10261,62,-0.5116446044438874
2009,21720,62,-0.5116446044438927
2009,21740,62,-0.5116446044438929
2009,10210,82,0.002006518850331882
2009,10261,82,0.002006518850336063
2009,21720,82,0.002006518850330897
2009,21740,82,0.0020065188503329257
2009,10210,90,0.24999423704553708
2009,10261,90,0.24999423704552684
2009,21720,90,0.24999423704551024
2009,21740,90,0.24999423704552584
2010,10210,10,-1.0716141447560814
2010,10261,10,-1.0716141447561016
2010,21720,10,-1.07161414475608
2010,21740,10,-1.0716141447560912
2010,10210,20,-0.40498256245997066
2010,10261,20,-0.40498256245997266
2010,21720,20,-0.40498256245996916
2010,21740,20,-0.4049825624599508
2010,10210,31,-0.4786295852364453
2010,10261,31,-0.4786295852364647
2010,21720,31,-0.4786295852364614
2010,21740,31,-0.4786295852364588
2010,10210,32,-0.8269608769936246
2010,10261,32,-0.8269608769936139
2010,21720,32,-0.8269608769936257
2010,21740,32,-0.8269608769936126
2010,10210,41,0.6274724284006625
2010,10261,41,0.6274724284006671
2010,21720,41,0.6274724284006606
2010,21740,41,0.6274724284006687
2010,10210,42,-0.46241970977959806
2010,10261,42,-0.4624197097795882
2010,21720,42,-0.46241970977960023
2010,21740,42,-0.46241970977960756
2010,10210,43,0.2085751711033176
2010,10261,43,0.20857517110334017
2010,21720,43,0.208575171103331
2010,21740,43,0.20857517110333423
2010,10210,50,NA
2010,10261,50,1.942500997628233
2010,21720,50,1.942500997628245
2010,21740,50,1.942500997628226
2010,10210,61,NA
2010,10261,61,0.4048297991570847
2010,21720,61,0.4048297991570888
2010,21740,61,0.40482979915707906
2010,10210,62,NA
2010,10261,62,-0.511644604443891
2010,21720,62,-0.5116446044438948
2010,21740,62,-0.5116446044438848
2010,10210,82,0.002006518850339749
2010,10261,82,0.002006518850325088
2010,21720,82,0.0020065188503225273
2010,21740,82,0.0020065188503326096
2010,10210,90,NA
2010,10261,90,0.2499942370455297
2010,21720,90,0.2499942370455202
2010,21740,90,0.24999423704551924
2011,10210,10,-1.0716141447560839
2011,10261,10,-1.071614144756108
2011,21720,10,-1.0716141447560872
2011,21740,10,-1.0716141447560872
2011,10210,20,-0.404982562459968
2011,10261,20,-0.40498256245994774
2011,21720,20,-0.40498256245996456
2011,21740,20,-0.4049825624599622
2011,10210,31,-0.47862958523644517
2011,10261,31,-0.47862958523646865
2011,21720,31,-0.4786295852364603
2011,21740,31,-0.4786295852364601
2011,10210,32,-0.8269608769936208
2011,10261,32,-0.826960876993621
2011,21720,32,-0.8269608769936191
2011,21740,32,-0.8269608769936321
2011,10210,41,0.6274724284006559
2011,10261,41,0.627472428400661
2011,21720,41,0.6274724284006673
2011,21740,41,0.6274724284006693
2011,10210,42,-0.46241970977959646
2011,10261,42,-0.46241970977959945
2011,21720,42,-0.4624197097795801
2011,21740,42,-0.4624197097796033
2011,10210,43,0.2085751711033313
2011,10261,43,0.208575171103332
2011,21720,43,0.20857517110332036
2011,21740,43,0.20857517110333096
2011,10210,50,NA
2011,10261,50,1.942500997628232
2011,21720,50,1.9425009976282368
2011,21740,50,1.94250099762823
2011,10210,61,NA
2011,10261,61,0.4048297991571002
2011,21720,61,0.40482979915709283
2011,21740,61,0.4048297991570802
2011,10210,62,-0.5116446044438895
2011,10261,62,-0.5116446044438889
2011,21720,62,-0.5116446044438834
2011,21740,62,-0.5116446044439013
2011,10210,82,0.002006518850329115
2011,10261,82,0.002006518850346463
2011,21720,82,0.002006518850332837
2011,21740,82,0.002006518850323922
2011,10210,90,NA
2011,10261,90,0.24999423704552806
2011,21720,90,0.24999423704553828
2011,21740,90,0.24999423704552645
2012,10210,10,-1.0716141447561003
2012,10261,10,-1.0716141447560958
2012,21720,10,-1.071614144756102
2012,21740,10,-1.0716141447560947
2012,10210,20,-0.40498256245996067
2012,10261,20,-0.40498256245996095
2012,21720,20,-0.4049825624599538
2012,21740,20,-0.40498256245996195
2012,10210,31,-0.4786295852364688
2012,10261,31,-0.4786295852364718
2012,21720,31,-0.4786295852364526
2012,21740,31,-0.47862958523644733
2012,10210,32,-0.8269608769936168
2012,10261,32,-0.8269608769936252
2012,21720,32,-0.8269608769936243
2012,21740,32,-0.8269608769936284
2012,10210,41,0.6274724284006719
2012,10261,41,0.6274724284006604
2012,21720,41,0.627472428400668
2012,21740,41,0.6274724284006742
2012,10210,42,-0.46241970977961017
2012,10261,42,-0.4624197097795803
2012,21720,42,-0.4624197097796118
2012,21740,42,-0.46241970977960084
2012,10210,43,0.20857517110332957
2012,10261,43,0.20857517110333998
2012,21720,43,0.20857517110333032
2012,21740,43,0.2085751711033287
2012,10210,50,NA
2012,10261,50,1.9425009976282355
2012,21720,50,1.9425009976282313
2012,21740,50,1.9425009976282384
2012,10210,61,0.4048297991570966
2012,10261,61,0.404829799157084
2012,21720,61,0.40482979915709627
2012,21740,61,0.40482979915709216
2012,10210,62,-0.5116446044438928
2012,10261,62,-0.5116446044438918
2012,21720,62,-0.5116446044438904
2012,21740,62,-0.5116446044438989
2012,10210,82,0.002006518850333001
2012,10261,82,0.0020065188503332406
2012,21720,82,0.0020065188503229137
2012,21740,82,0.002006518850337992
2012,10210,90,NA
2012,10261,90,0.24999423704552756
2012,21720,90,0.24999423704552112
2012,21740,90,0.2499942370455296
2013,10210,10,-1.0716141447560918
2013,10261,10,-1.0716141447560916
2013,21720,10,-1.0716141447560896
2013,21740,10,-1.071614144756092
2013,10210,20,-0.40498256245995873
2013,10261,20,-0.4049825624599724
2013,21720,20,-0.40498256245996117
2013,21740,20,-0.40498256245996556
2013,10210,31,-0.47862958523645144
2013,10261,31,-0.4786295852364599
2013,21720,31,-0.47862958523644816
2013,21740,31,-0.47862958523644694
2013,10210,32,-0.8269608769936083
2013,10261,32,-0.8269608769936436
2013,21720,32,-0.8269608769936266
2013,21740,32,-0.8269608769936361
2013,10210,41,0.6274724284006562
2013,10261,41,0.6274724284006662
2013,21720,41,0.6274724284006569
2013,21740,41,0.6274724284006656
2013,10210,42,-0.46241970977959895
2013,10261,42,-0.4624197097795943
2013,21720,42,-0.4624197097795881
2013,21740,42,-0.4624197097795963
2013,10210,43,0.20857517110332843
2013,10261,43,0.2085751711033452
2013,21720,43,0.20857517110334373
2013,21740,43,0.2085751711033371
2013,10210,50,NA
2013,10261,50,1.942500997628233
2013,21720,50,1.9425009976282428
2013,21740,50,1.9425009976282333
2013,10210,61,0.40482979915709033
2013,10261,61,0.40482979915708756
2013,21720,61,0.4048297991570944
2013,21740,61,0.40482979915708617
2013,10210,62,NA
2013,10261,62,-0.5116446044438873
2013,21720,62,-0.5116446044438856
2013,21740,62,-0.5116446044438885
2013,10210,82,0.0020065188503442222
2013,10261,82,0.002006518850334637
2013,21720,82,0.0020065188503291926
2013,21740,82,0.0020065188503212692
2013,10210,90,0.24999423704552737
2013,10261,90,0.24999423704552692
2013,21720,90,0.24999423704552337
2013,21740,90,0.2499942370455304
2014,10210,10,-1.0716141447560872
2014,10261,10,-1.071614144756102
2014,21720,10,-1.071614144756094
2014,21740,10,-1.0716141447560859
2014,10210,20,-0.40498256245997244
2014,10261,20,-0.4049825624599616
2014,21720,20,-0.40498256245997016
2014,21740,20,-0.4049825624599613
2014,10210,31,-0.478629585236457
2014,10261,31,-0.47862958523645943
2014,21720,31,-0.47862958523645405
2014,21740,31,-0.47862958523644744
2014,10210,32,-0.8269608769936239
2014,10261,32,-0.8269608769936294
2014,21720,32,-0.8269608769936238
2014,21740,32,-0.8269608769936321
2014,10210,41,0.6274724284006682
2014,10261,41,0.6274724284006742
2014,21720,41,0.6274724284006659
2014,21740,41,0.6274724284006574
2014,10210,42,-0.4624197097795991
2014,10261,42,-0.4624197097795939
2014,21720,42,-0.462419709779591
2014,21740,42,-0.46241970977959995
2014,10210,43,0.20857517110333795
2014,10261,43,0.2085751711033326
2014,21720,43,0.20857517110333565
2014,21740,43,0.20857517110333226
2014,10210,50,NA
2014,10261,50,1.942500997628244
2014,21720,50,1.9425009976282268
2014,21740,50,1.9425009976282355
2014,10210,61,NA
2014,10261,61,0.40482979915709333
2014,21720,61,0.4048297991570935
2014,21740,61,0.4048297991570897
2014,10210,62,NA
2014,10261,62,-0.511644604443903
2014,21720,62,-0.5116446044438812
2014,21740,62,-0.5116446044438853
2014,10210,82,0.002006518850335966
2014,10261,82,0.002006518850339069
2014,21720,82,0.00200651885032663
2014,21740,82,0.002006518850329323
2014,10210,90,NA
2014,10261,90,0.24999423704552126
2014,21720,90,0.24999423704553747
2014,21740,90,0.24999423704552562
2015,10210,10,-1.0716141447560807
2015,10261,10,-1.0716141447560878
2015,21720,10,-1.071614144756084
2015,21740,10,-1.0716141447560898
2015,10210,20,-0.4049825624599583
2015,10261,20,-0.4049825624599748
2015,21720,20,-0.4049825624599566
2015,21740,20,-0.4049825624599559
2015,10210,31,-0.4786295852364621
2015,10261,31,-0.4786295852364574
2015,21720,31,-0.4786295852364483
2015,21740,31,-0.4786295852364566
2015,10210,32,-0.8269608769936161
2015,10261,32,-0.8269608769936341
2015,21720,32,-0.8269608769936353
2015,21740,32,-0.8269608769936255
2015,10210,41,0.6274724284006713
2015,10261,41,0.6274724284006645
2015,21720,41,0.62747242840066
2015,21740,41,0.6274724284006745
2015,10210,42,-0.46241970977958247
2015,10261,42,-0.4624197097796109
2015,21720,42,-0.46241970977959956
2015,21740,42,-0.4624197097795947
2015,10210,43,0.20857517110333315
2015,10261,43,0.20857517110334065
2015,21720,43,0.20857517110333962
2015,21740,43,0.20857517110332663
2015,10210,50,NA
2015,10261,50,1.9425009976282288
2015,21720,50,1.9425009976282412
2015,21740,50,1.9425009976282408
2015,10210,61,NA
2015,10261,61,0.40482979915708855
2015,21720,61,0.40482979915709766
2015,21740,61,0.40482979915709466
2015,10210,62,NA
2015,10261,62,-0.5116446044439015
2015,21720,62,-0.5116446044438993
2015,21740,62,-0.5116446044439011
2015,10210,82,0.0020065188503190657
2015,10261,82,0.002006518850333022
2015,21720,82,0.002006518850334084
2015,21740,82,0.0020065188503258545
2015,10210,90,0.24999423704552096
2015,10261,90,0.2499942370455283
2015,21720,90,0.2499942370455195
2015,21740,90,0.2499942370455306
2016,10210,10,-1.0716141447560759
2016,10261,10,-1.0716141447560805
2016,21720,10,-1.0716141447560805
2016,21740,10,-1.0716141447560947
2016,10210,20,-0.40498256245996617
2016,10261,20,-0.4049825624599608
2016,21720,20,-0.40498256245997155
2016,21740,20,-0.40498256245996644
2016,10210,31,-0.47862958523645754
2016,10261,31,-0.47862958523645915
2016,21720,31,-0.478629585236457
2016,21740,31,-0.47862958523645927
2016,10210,32,-0.8269608769936246
2016,10261,32,-0.82696087699361
2016,21720,32,-0.826960876993614
2016,21740,32,-0.8269608769936296
2016,10210,41,0.6274724284006838
2016,10261,41,0.6274724284006722
2016,21720,41,0.6274724284006724
2016,21740,41,0.6274724284006646
2016,10210,42,-0.46241970977960806
2016,10261,42,-0.46241970977960445
2016,21720,42,-0.4624197097795825
2016,21740,42,-0.4624197097795889
2016,10210,43,0.2085751711033275
2016,10261,43,0.2085751711033368
2016,21720,43,0.20857517110332643
2016,21740,43,0.2085751711033324
2016,10210,50,1.9425009976282261
2016,10261,50,1.9425009976282426
2016,21720,50,1.9425009976282288
2016,21740,50,1.9425009976282408
2016,10210,61,NA
2016,10261,61,0.4048297991570806
2016,21720,61,0.4048297991570951
2016,21740,61,0.40482979915708145
2016,10210,62,NA
2016,10261,62,-0.511644604443892
2016,21720,62,-0.5116446044438977
2016,21740,62,-0.511644604443898
2016,10210,82,0.0020065188503291674
2016,10261,82,0.002006518850330122
2016,21720,82,0.002006518850323063
2016,21740,82,0.0020065188503359055
2016,10210,90,NA
2016,10261,90,0.24999423704552723
2016,21720,90,0.24999423704552573
2016,21740,90,0.24999423704552018
2017,10210,10,-1.0716141447560936
2017,10261,10,-1.0716141447560907
2017,21720,10,-1.0716141447560956
2017,21740,10,-1.0716141447561043
2017,10210,20,-0.40498256245996556
2017,10261,20,-0.4049825624599658
2017,21720,20,-0.40498256245996367
2017,21740,20,-0.4049825624599673
2017,10210,31,-0.47862958523646054
2017,10261,31,-0.4786295852364624
2017,21720,31,-0.4786295852364584
2017,21740,31,-0.4786295852364559
2017,10210,32,-0.8269608769936275
2017,10261,32,-0.8269608769936156
2017,21720,32,-0.8269608769936345
2017,21740,32,-0.8269608769936285
2017,10210,41,0.6274724284006693
2017,10261,41,0.6274724284006696
2017,21720,41,0.627472428400663
2017,21740,41,0.6274724284006713
2017,10210,42,-0.4624197097795901
2017,10261,42,-0.4624197097795919
2017,21720,42,-0.4624197097795864
2017,21740,42,-0.4624197097796
2017,10210,43,0.20857517110332022
2017,10261,43,0.208575171103329
2017,21720,43,0.20857517110332616
2017,21740,43,0.20857517110332816
2017,10210,50,1.9425009976282348
2017,10261,50,1.9425009976282408
2017,21720,50,1.9425009976282255
2017,21740,50,1.9425009976282375
2017,10210,61,0.40482979915708805
2017,10261,61,0.4048297991570946
2017,21720,61,0.4048297991570894
2017,21740,61,0.4048297991570833
2017,10210,62,NA
2017,10261,62,-0.5116446044439023
2017,21720,62,-0.511644604443879
2017,21740,62,-0.5116446044438905
2017,10210,82,0.0020065188503327947
2017,10261,82,0.0020065188503253883
2017,21720,82,0.002006518850341588
2017,21740,82,0.002006518850344708
2017,10210,90,0.24999423704553334
2017,10261,90,0.24999423704552645
2017,21720,90,0.24999423704553916
2017,21740,90,0.2499942370455331
2018,10210,10,-1.0716141447560903
2018,10261,10,-1.071614144756097
2018,21720,10,-1.071614144756091
2018,21740,10,-1.0716141447560865
2018,10210,20,-0.404982562459965
2018,10261,20,-0.4049825624599713
2018,21720,20,-0.4049825624599641
2018,21740,20,-0.40498256245996445
2018,10210,31,-0.4786295852364528
2018,10261,31,-0.4786295852364571
2018,21720,31,-0.4786295852364709
2018,21740,31,-0.47862958523645
2018,10210,32,-0.8269608769936259
2018,10261,32,-0.8269608769936164
2018,21720,32,-0.8269608769936225
2018,21740,32,-0.8269608769936314
2018,10210,41,0.6274724284006628
2018,10261,41,0.6274724284006633
2018,21720,41,0.6274724284006533
2018,21740,41,0.6274724284006645
2018,10210,42,-0.462419709779596
2018,10261,42,-0.4624197097795954
2018,21720,42,-0.46241970977959096
2018,21740,42,-0.4624197097795943
2018,10210,43,0.2085751711033223
2018,10261,43,0.20857517110333185
2018,21720,43,0.20857517110332885
2018,21740,43,0.20857517110333762
2018,10210,50,1.9425009976282315
2018,10261,50,1.9425009976282204
2018,21720,50,1.9425009976282295
2018,21740,50,1.9425009976282277
2018,10210,61,0.4048297991570712
2018,10261,61,0.4048297991570832
2018,21720,61,0.4048297991570894
2018,21740,61,0.4048297991570868
2018,10210,62,NA
2018,10261,62,-0.5116446044438822
2018,21720,62,-0.5116446044439026
2018,21740,62,-0.5116446044438926
2018,10210,82,0.0020065188503424892
2018,10261,82,0.002006518850330284
2018,21720,82,0.002006518850339278
2018,21740,82,0.002006518850328036
2018,10210,90,NA
2018,10261,90,0.2499942370455341
2018,21720,90,0.2499942370455255
2018,21740,90,0.24999423704552454
2019,10210,10,-1.071614144756094
2019,10261,10,-1.0716141447560834
2019,21720,10,-1.071614144756102
2019,21740,10,-1.071614144756091
2019,10210,20,-0.4049825624599712
2019,10261,20,-0.40498256245996994
2019,21720,20,-0.4049825624599525
2019,21740,20,-0.4049825624599675
2019,10210,31,-0.4786295852364581
2019,10261,31,-0.47862958523646043
2019,21720,31,-0.47862958523645444
2019,21740,31,-0.47862958523645427
2019,10210,32,-0.8269608769936223
2019,10261,32,-0.8269608769936324
2019,21720,32,-0.8269608769936293
2019,21740,32,-0.8269608769936354
2019,10210,41,0.6274724284006773
2019,10261,41,0.6274724284006603
2019,21720,41,0.62747242840067885
2019,21740,41,0.6274724284006561
2019,10210,42,-0.46241970977959784
2019,10261,42,-0.4624197097795937
2019,21720,42,-0.4624197097795921
2019,21740,42,-0.46241970977960417
2019,10210,43,0.20857517110333262
2019,10261,43,0.20857517110333
2019,21720,43,0.20857517110333473
2019,21740,43,0.20857517110333337
2019,10210,50,1.942500997628234
2019,10261,50,1.9425009976282321
2019,21720,50,1.9425009976282244
2019,21740,50,1.9425009976282255
2019,10210,61,0.40482979915708606
2019,10261,61,0.40482979915708056
2019,21720,61,0.40482979915708384
2019,21740,61,0.4048297991570829
2019,10210,62,-0.5116446044438921
2019,10261,62,-0.5116446044439016
2019,21720,62,-0.5116446044438824
2019,21740,62,-0.5116446044439024
2019,10210,82,0.0020065188503236957
2019,10261,82,0.0020065188503316294
2019,21720,82,0.0020065188503280225
2019,21740,82,0.002006518850337267
2019,10210,90,0.24999423704553023
2019,10261,90,0.24999423704553675
2019,21720,90,0.24999423704552018
2019,21740,90,0.2499942370455278
2021,10210,10,-1.0716141447560914
2021,10261,10,-1.0716141447560998
2021,21720,10,-1.0716141447560776
2021,21740,10,-1.0716141447560936
2021,10210,20,-0.40498256245996145
2021,10261,20,-0.40498256245996916
2021,21720,20,-0.4049825624599752
2021,21740,20,-0.4049825624599577
2021,10210,31,-0.4786295852364639
2021,10261,31,-0.4786295852364586
2021,21720,31,-0.4786295852364585
2021,21740,31,-0.478629585236468
2021,10210,32,-0.8269608769936256
2021,10261,32,-0.8269608769936218
2021,21720,32,-0.8269608769936196
2021,21740,32,-0.8269608769936216
2021,10210,41,0.6274724284006652
2021,10261,41,0.6274724284006705
2021,21720,41,0.6274724284006626
2021,21740,41,0.6274724284006751
2021,10210,42,-0.46241970977959873
2021,10261,42,-0.4624197097796047
2021,21720,42,-0.4624197097795962
2021,21740,42,-0.46241970977959096
2021,10210,43,0.20857517110333293
2021,10261,43,0.20857517110333998
2021,21720,43,0.2085751711033435
2021,21740,43,0.20857517110332072
2021,10210,50,1.9425009976282357
2021,10261,50,1.9425009976282153
2021,21720,50,1.942500997628232
2021,21740,50,1.9425009976282297
2021,10210,61,NA
2021,10261,61,0.404829799157095
2021,21720,61,0.40482979915708567
2021,21740,61,0.4048297991570858
2021,10210,62,-0.5116446044438802
2021,10261,62,-0.5116446044439005
2021,21720,62,-0.5116446044438836
2021,21740,62,-0.5116446044438934
2021,10210,82,0.0020065188503337727
2021,10261,82,0.0020065188503415425
2021,21720,82,0.0020065188503369646
2021,21740,82,0.002006518850320145
2021,10210,90,NA
2021,10261,90,0.24999423704553303
2021,21720,90,0.2499942370455303
2021,21740,90,0.24999423704552426
1988,10210,TOTAL,-0.6955651577066522
1988,10261,TOTAL,NA
1988,21720,TOTAL,0.09781205581311851
1988,21740,TOTAL,0.21779568362286528
1989,10210,TOTAL,-0.6825565432151092
1989,10261,TOTAL,NA
1989,21720,TOTAL,0.23331734896905726
1989,21740,TOTAL,0.2462198341924249
1990,10210,TOTAL,-0.595179715646379
1990,10261,TOTAL,NA
1990,21720,TOTAL,0.16321561132786003
1990,21740,TOTAL,0.2928313547436565
1991,10210,TOTAL,-0.6134932014333386
1991,10261,TOTAL,NA
1991,21720,TOTAL,-0.04576841785599826
1991,21740,TOTAL,0.12969179694894573
1992,10210,TOTAL,-0.631041635297625
1992,10261,TOTAL,NA
1992,21720,TOTAL,-0.0374732707133669
1992,21740,TOTAL,0.14616648273945715
1993,10210,TOTAL,-0.6673791060884374
1993,10261,TOTAL,NA
1993,21720,TOTAL,-0.21938010408087288
1993,21740,TOTAL,-0.0037347537954738083
1994,10210,TOTAL,-0.713606235682002
1994,10261,TOTAL,NA
1994,21720,TOTAL,-0.1693926504905699
1994,21740,TOTAL,0.05613087751082155
1995,10210,TOTAL,-0.7203864893859604
1995,10261,TOTAL,NA
1995,21720,TOTAL,-0.16953322616909364
1995,21740,TOTAL,0.021104040090362597
1996,10210,TOTAL,-0.645914384158758
1996,10261,TOTAL,-0.5669500705055804
1996,21720,TOTAL,-0.1364986249151229
1996,21740,TOTAL,-0.1999066991387297
1997,10210,TOTAL,-0.7008409605185346
1997,10261,TOTAL,-0.5963109079227219
1997,21720,TOTAL,0.005171948985123003
1997,21740,TOTAL,0.07102008301206401
1998,10210,TOTAL,-0.5654321251561409
1998,10261,TOTAL,-0.5730327773555455
1998,21720,TOTAL,-0.1642018981296005
1998,21740,TOTAL,-0.15011055916494243
1999,10210,TOTAL,-0.7346820896692459
1999,10261,TOTAL,-0.5324031723440108
1999,21720,TOTAL,-0.008272554735692071
1999,21740,TOTAL,0.18754615418512938
2000,10210,TOTAL,-0.6603322772973593
2000,10261,TOTAL,-0.7231323072172153
2000,21720,TOTAL,0.021165652173895426
2000,21740,TOTAL,0.07659156736719755
2001,10210,TOTAL,-0.6568926621115418
2001,10261,TOTAL,-0.585096912892649
2001,21720,TOTAL,-0.02806009583079602
2001,21740,TOTAL,0.09712172816123137
2002,10210,TOTAL,-0.6805280951372977
2002,10261,TOTAL,-0.6047294109716556
2002,21720,TOTAL,0.08242557871248601
2002,21740,TOTAL,0.22602884419216807
2003,10210,TOTAL,-0.6301453280154483
2003,10261,TOTAL,-0.6083179739054483
2003,21720,TOTAL,0.017687814162050043
2003,21740,TOTAL,-0.012600582234179387
2004,10210,TOTAL,-0.6184840507598904
2004,10261,TOTAL,-0.6275067075294211
2004,21720,TOTAL,0.008011563670397567
2004,21740,TOTAL,-0.03445380752221364
2005,10210,TOTAL,-0.6880094374714593
2005,10261,TOTAL,-0.6049145998435516
2005,21720,TOTAL,0.09549104214388593
2005,21740,TOTAL,0.16011892541473832
2006,10210,TOTAL,-0.6575025948869334
2006,10261,TOTAL,-0.6843406962739513
2006,21720,TOTAL,0.09234460002215988
2006,21740,TOTAL,0.12089268571093857
2007,10210,TOTAL,-0.6943607389050515
2007,10261,TOTAL,-0.7041120404345038
2007,21720,TOTAL,0.007125029589774237
2007,21740,TOTAL,0.15202843722973575
2008,10210,TOTAL,-0.6199337642830444
2008,10261,TOTAL,-0.667422350156097
2008,21720,TOTAL,0.01872585414079795
2008,21740,TOTAL,0.16816741480819727
2009,10210,TOTAL,-0.7388783989775418
2009,10261,TOTAL,-0.6852883484812418
2009,21720,TOTAL,-0.08758159370463077
2009,21740,TOTAL,0.22040153285610203
2010,10210,TOTAL,-0.840187000850693
2010,10261,TOTAL,-0.7772386891947851
2010,21720,TOTAL,-0.24563618299189444
2010,21740,TOTAL,0.23241090762263372
2011,10210,TOTAL,-0.8024082738745929
2011,10261,TOTAL,-0.7948848129476546
2011,21720,TOTAL,-0.31505606185099666
2011,21740,TOTAL,0.10090063876720513
2012,10210,TOTAL,-0.7177873465288568
2012,10261,TOTAL,-0.6776233520775843
2012,21720,TOTAL,-0.39138791510148335
2012,21740,TOTAL,0.030350833053139625
2013,10210,TOTAL,-0.7099993610237572
2013,10261,TOTAL,-0.7641392888349907
2013,21720,TOTAL,-0.26329873452740915
2013,21740,TOTAL,0.27439943026013897
2014,10210,TOTAL,-0.7619980484621692
2014,10261,TOTAL,-0.7583011001876994
2014,21720,TOTAL,-0.2669026295337549
2014,21740,TOTAL,0.059907315353535606
2015,10210,TOTAL,-0.7221164071207145
2015,10261,TOTAL,-0.7434938144447187
2015,21720,TOTAL,-0.2583257619561984
2015,21740,TOTAL,0.03349503527594401
2016,10210,TOTAL,-0.5939357856279565
2016,10261,TOTAL,-0.6988297026779844
2016,21720,TOTAL,-0.022900336978724622
2016,21740,TOTAL,-0.007615872523833057
2017,10210,TOTAL,-0.6269622050218451
2017,10261,TOTAL,-0.7183011104859787
2017,21720,TOTAL,-0.08632679808107672
2017,21740,TOTAL,-0.027654741801262272
2018,10210,TOTAL,-0.5344357729696219
2018,10261,TOTAL,-0.7101275437651859
2018,21720,TOTAL,-0.07353559686542271
2018,21740,TOTAL,-0.013099442199520514
2019,10210,TOTAL,-0.5539413521605444
2019,10261,TOTAL,-0.6851143066805883
2019,21720,TOTAL,-0.04481465500241117
2019,21740,TOTAL,0.11645873044083851
2021,10210,TOTAL,-0.6811567930586088
2021,10261,TOTAL,-0.671592940685612
2021,21720,TOTAL,-0.018401470737148807
2021,21740,TOTAL,0.10970615070820901
